6-59-18-27.png,265,340,-0.40
6-59-18-28.png,240,340,-0.65
6-59-19-29.png,215,340,-0.89
6-59-19-30.png,215,340,-0.89
6-59-20-31.png,240,340,-0.65
6-59-21-32.png,265,340,-0.40
6-59-21-33.png,290,340,-0.16
6-59-22-34.png,265,340,-0.40
6-59-22-35.png,265,340,-0.40
6-59-23-36.png,315,340,0.09
6-59-23-37.png,315,340,0.09
6-59-24-38.png,315,340,0.09
6-59-24-39.png,290,340,-0.16
6-59-25-40.png,290,340,-0.16
6-59-27-41.png,240,340,-0.65
6-59-28-42.png,240,340,-0.65
6-59-28-43.png,240,340,-0.65
6-59-29-44.png,240,340,-0.65
6-59-30-45.png,240,340,-0.65
6-59-31-46.png,215,340,-0.89
6-59-32-47.png,215,340,-0.89
6-59-32-48.png,240,340,-0.65
6-59-33-49.png,265,340,-0.40
6-59-34-50.png,290,340,-0.16
6-59-34-51.png,290,340,-0.16
6-59-35-52.png,290,340,-0.16
6-59-35-53.png,315,340,0.09
6-59-36-54.png,315,340,0.09
6-59-37-55.png,315,340,0.09
6-59-37-56.png,290,340,-0.16
6-59-38-57.png,265,340,-0.40
6-59-38-58.png,215,340,-0.89
6-59-39-59.png,215,340,-0.89
6-59-40-60.png,215,340,-0.89
6-59-40-61.png,215,340,-0.89
6-59-41-62.png,240,340,-0.65
6-59-42-63.png,265,340,-0.40
6-59-42-64.png,240,340,-0.65
6-59-43-65.png,215,340,-0.89
6-59-43-66.png,215,340,-0.89
6-59-48-67.png,315,340,0.09
6-59-48-68.png,290,340,-0.16
6-59-49-69.png,265,340,-0.40
6-59-49-70.png,265,340,-0.40
6-59-49-71.png,240,340,-0.65
6-59-49-72.png,240,340,-0.65
6-59-49-73.png,240,340,-0.65
6-59-50-74.png,240,340,-0.65
6-59-50-75.png,240,340,-0.65
6-59-50-76.png,240,340,-0.65
6-59-50-77.png,240,340,-0.65
6-59-50-78.png,240,340,-0.65
6-59-51-79.png,240,340,-0.65
6-59-51-80.png,240,340,-0.65
6-59-52-81.png,215,340,-0.89
6-59-52-82.png,215,340,-0.89
6-59-53-83.png,265,340,-0.40
6-59-54-84.png,240,340,-0.65
6-59-55-85.png,215,340,-0.89
6-59-59-86.png,304,340,-0.02
6-59-59-87.png,304,340,-0.02
7-0-0-88.png,304,340,-0.02
7-0-0-89.png,304,340,-0.02
7-0-0-90.png,304,340,-0.02
7-0-0-91.png,304,340,-0.02
7-0-0-92.png,304,340,-0.02
7-0-1-93.png,304,340,-0.02
7-0-1-94.png,279,340,-0.26
7-0-1-95.png,279,340,-0.26
7-0-1-96.png,254,340,-0.51
7-0-1-97.png,254,340,-0.51
7-0-2-98.png,254,340,-0.51
7-0-2-99.png,254,340,-0.51
7-0-3-100.png,229,340,-0.75
7-0-5-0.png,229,340,-0.75
7-0-5-1.png,229,340,-0.75
7-0-5-2.png,229,340,-0.75
7-0-6-3.png,254,340,-0.51
7-0-6-4.png,229,340,-0.75
7-0-7-5.png,204,340,-1.00
7-0-7-6.png,204,340,-1.00
7-0-8-7.png,204,340,-1.00
7-0-9-8.png,204,340,-1.00
7-0-9-9.png,279,340,-0.26
7-0-10-10.png,329,340,0.23
7-0-11-11.png,354,340,0.47
7-0-11-12.png,354,340,0.47
7-0-12-13.png,354,340,0.47
7-0-13-14.png,354,340,0.47
7-0-13-15.png,306,340,0.00
7-0-14-16.png,306,340,0.00
7-0-14-17.png,331,340,0.25
7-0-15-18.png,306,340,0.00
7-0-15-19.png,306,340,0.00
7-0-16-20.png,306,340,0.00
7-0-16-21.png,356,340,0.49
7-0-17-22.png,406,340,0.98
7-0-17-23.png,306,340,0.00
7-0-18-24.png,306,340,0.00
7-0-19-25.png,381,340,0.74
7-0-19-26.png,306,340,0.00
7-0-20-27.png,306,340,0.00
7-0-21-28.png,331,340,0.25
7-0-21-29.png,381,340,0.74
7-0-22-30.png,381,340,0.74
7-0-30-31.png,256,340,-0.49
7-0-30-32.png,256,340,-0.49
7-0-30-33.png,256,340,-0.49
7-0-31-34.png,231,340,-0.74
7-0-31-35.png,231,340,-0.74
7-0-31-36.png,231,340,-0.74
7-0-31-37.png,206,340,-0.98
7-0-31-38.png,206,340,-0.98
7-0-32-39.png,204,340,-1.00
7-0-32-40.png,204,340,-1.00
7-0-32-41.png,204,340,-1.00
7-0-32-42.png,204,340,-1.00
7-0-32-43.png,204,340,-1.00
7-0-33-44.png,306,340,0.00
7-0-34-45.png,306,340,0.00
7-0-34-46.png,306,340,0.00
7-0-35-47.png,281,340,-0.25
7-0-35-48.png,281,340,-0.25
7-0-36-49.png,306,340,0.00
7-0-37-50.png,306,340,0.00
7-0-38-51.png,306,340,0.00
7-0-38-52.png,281,340,-0.25
7-0-39-53.png,206,340,-0.98
7-0-39-54.png,206,340,-0.98
7-0-40-55.png,206,340,-0.98
7-0-41-56.png,206,340,-0.98
7-0-42-57.png,231,340,-0.74
7-0-42-58.png,256,340,-0.49
7-0-42-59.png,231,340,-0.74
7-0-43-60.png,206,340,-0.98
7-0-44-61.png,206,340,-0.98
7-0-44-62.png,306,340,0.00
7-0-45-63.png,281,340,-0.25
7-0-45-64.png,256,340,-0.49
7-0-46-65.png,306,340,0.00
7-0-47-66.png,306,340,0.00
7-0-47-67.png,306,340,0.00
7-0-48-68.png,306,340,0.00
7-0-48-69.png,281,340,-0.25
7-0-49-70.png,281,340,-0.25
7-0-50-71.png,281,340,-0.25
7-0-51-72.png,206,340,-0.98
7-0-51-73.png,204,340,-1.00
7-0-52-74.png,204,340,-1.00
7-0-53-75.png,254,340,-0.51
7-0-53-76.png,254,340,-0.51
7-0-54-77.png,229,340,-0.75
7-0-55-78.png,204,340,-1.00
7-0-55-79.png,204,340,-1.00
7-0-56-80.png,204,340,-1.00
7-0-56-81.png,254,340,-0.51
7-0-57-82.png,254,340,-0.51
7-0-57-83.png,254,340,-0.51
7-0-58-84.png,306,340,0.00
7-0-59-85.png,306,340,0.00
7-0-59-86.png,306,340,0.00
7-1-0-87.png,306,340,0.00
7-1-0-88.png,306,340,0.00
7-1-1-89.png,256,340,-0.49
7-1-2-90.png,231,340,-0.74
7-1-2-91.png,231,340,-0.74
7-1-3-92.png,206,340,-0.98
7-1-3-93.png,256,340,-0.49
7-1-4-94.png,256,340,-0.49
7-1-9-95.png,281,340,-0.25
7-1-9-96.png,281,340,-0.25
7-1-9-97.png,281,340,-0.25
7-1-10-98.png,306,340,0.00
7-1-10-99.png,306,340,0.00
7-1-10-100.png,306,340,0.00
7-1-10-0.png,306,340,0.00
7-1-10-1.png,306,340,0.00
7-1-11-2.png,306,340,0.00
7-1-11-3.png,306,340,0.00
7-1-11-4.png,306,340,0.00
7-1-11-5.png,306,340,0.00
7-1-12-6.png,306,340,0.00
7-1-12-7.png,306,340,0.00
7-1-12-8.png,281,340,-0.25
7-1-13-9.png,231,340,-0.74
7-1-14-10.png,206,340,-0.98
7-1-14-11.png,206,340,-0.98
7-1-15-12.png,231,340,-0.74
7-1-15-13.png,256,340,-0.49
7-1-16-14.png,256,340,-0.49
7-1-16-15.png,231,340,-0.74
7-1-17-16.png,206,340,-0.98
7-1-17-17.png,206,340,-0.98
7-1-19-18.png,281,340,-0.25
7-1-20-19.png,281,340,-0.25
7-1-20-20.png,256,340,-0.49
7-1-21-21.png,306,340,0.00
7-1-21-22.png,306,340,0.00
7-1-22-23.png,306,340,0.00
7-1-22-24.png,306,340,0.00
7-1-23-25.png,306,340,0.00
7-1-24-26.png,281,340,-0.25
7-1-24-27.png,256,340,-0.49
7-1-24-28.png,231,340,-0.74
7-1-25-29.png,231,340,-0.74
7-1-25-30.png,231,340,-0.74
7-1-26-31.png,231,340,-0.74
7-1-27-32.png,231,340,-0.74
7-1-27-33.png,231,340,-0.74
7-1-29-34.png,256,340,-0.49
7-1-29-35.png,256,340,-0.49
7-1-29-36.png,231,340,-0.74
7-1-30-37.png,231,340,-0.74
7-1-30-38.png,306,340,0.00
7-1-31-39.png,306,340,0.00
7-1-32-40.png,306,340,0.00
7-1-32-41.png,306,340,0.00
7-1-33-42.png,306,340,0.00
7-1-34-43.png,306,340,0.00
7-1-34-44.png,281,340,-0.25
7-1-35-45.png,231,340,-0.74
7-1-35-46.png,231,340,-0.74
7-1-36-47.png,206,340,-0.98
7-1-36-48.png,206,340,-0.98
7-1-37-49.png,206,340,-0.98
7-1-38-50.png,256,340,-0.49
7-1-38-51.png,256,340,-0.49
7-1-39-52.png,206,340,-0.98
7-1-40-53.png,204,340,-1.00
7-1-40-54.png,204,340,-1.00
7-1-41-55.png,254,340,-0.51
7-1-41-56.png,306,340,0.00
7-1-42-57.png,306,340,0.00
7-1-48-58.png,231,340,-0.74
7-1-48-59.png,231,340,-0.74
7-1-49-60.png,231,340,-0.74
7-1-49-61.png,231,340,-0.74
7-1-49-62.png,231,340,-0.74
7-1-49-63.png,231,340,-0.74
7-1-49-64.png,231,340,-0.74
7-1-50-65.png,231,340,-0.74
7-1-50-66.png,231,340,-0.74
7-1-50-67.png,231,340,-0.74
7-1-50-68.png,256,340,-0.49
7-1-50-69.png,256,340,-0.49
7-1-51-70.png,256,340,-0.49
7-1-53-71.png,281,340,-0.25
7-1-53-72.png,306,340,0.00
7-1-54-73.png,306,340,0.00
7-1-54-74.png,306,340,0.00
7-1-55-75.png,306,340,0.00
7-1-55-76.png,281,340,-0.25
7-1-56-77.png,256,340,-0.49
7-1-57-78.png,231,340,-0.74
7-1-57-79.png,231,340,-0.74
7-1-58-80.png,206,340,-0.98
7-1-58-81.png,231,340,-0.74
7-1-59-82.png,256,340,-0.49
7-2-0-83.png,256,340,-0.49
7-2-0-84.png,206,340,-0.98
7-2-1-85.png,204,340,-1.00
7-2-2-86.png,254,340,-0.51
7-2-2-87.png,306,340,0.00
7-2-3-88.png,306,340,0.00
7-2-4-89.png,281,340,-0.25
7-2-4-90.png,306,340,0.00
7-2-5-91.png,306,340,0.00
7-2-5-92.png,306,340,0.00
7-2-6-93.png,306,340,0.00
7-2-7-94.png,256,340,-0.49
7-2-7-95.png,206,340,-0.98
7-2-8-96.png,204,340,-1.00
7-2-8-97.png,204,340,-1.00
7-2-9-98.png,204,340,-1.00
7-2-9-99.png,229,340,-0.75
7-2-10-100.png,254,340,-0.51
7-2-10-0.png,254,340,-0.51
7-2-11-1.png,229,340,-0.75
7-2-12-2.png,204,340,-1.00
7-2-12-3.png,204,340,-1.00
7-2-13-4.png,306,340,0.00
7-2-14-5.png,306,340,0.00
7-2-14-6.png,306,340,0.00
7-2-15-7.png,306,340,0.00
7-2-15-8.png,306,340,0.00
7-2-16-9.png,306,340,0.00
7-2-17-10.png,281,340,-0.25
7-2-17-11.png,256,340,-0.49
7-2-18-12.png,231,340,-0.74
7-2-18-13.png,231,340,-0.74
7-2-19-14.png,231,340,-0.74
7-2-20-15.png,231,340,-0.74
7-2-21-16.png,256,340,-0.49
7-2-21-17.png,256,340,-0.49
7-2-22-18.png,231,340,-0.74
7-2-22-19.png,206,340,-0.98
7-2-23-20.png,306,340,0.00
7-2-30-21.png,231,340,-0.74
7-2-30-22.png,231,340,-0.74
7-2-30-23.png,231,340,-0.74
7-2-30-24.png,231,340,-0.74
7-2-30-25.png,231,340,-0.74
7-2-31-26.png,231,340,-0.74
7-2-31-27.png,231,340,-0.74
7-2-31-28.png,256,340,-0.49
7-2-31-29.png,256,340,-0.49
7-2-31-30.png,256,340,-0.49
7-2-32-31.png,256,340,-0.49
7-2-32-32.png,256,340,-0.49
7-2-32-33.png,256,340,-0.49
7-2-32-34.png,256,340,-0.49
7-2-33-35.png,206,340,-0.98
7-2-34-36.png,231,340,-0.74
7-2-34-37.png,256,340,-0.49
7-2-34-38.png,281,340,-0.25
7-2-35-39.png,306,340,0.00
7-2-36-40.png,306,340,0.00
7-2-36-41.png,306,340,0.00
7-2-37-42.png,306,340,0.00
7-2-38-43.png,281,340,-0.25
7-2-39-44.png,256,340,-0.49
7-2-40-45.png,231,340,-0.74
7-2-40-46.png,231,340,-0.74
7-2-40-47.png,206,340,-0.98
7-2-41-48.png,206,340,-0.98
7-2-42-49.png,206,340,-0.98
7-2-43-50.png,256,340,-0.49
7-2-43-51.png,256,340,-0.49
7-2-44-52.png,231,340,-0.74
7-2-44-53.png,206,340,-0.98
7-2-45-54.png,231,340,-0.74
7-2-46-55.png,281,340,-0.25
7-2-46-56.png,331,340,0.25
7-2-47-57.png,331,340,0.25
7-2-48-58.png,281,340,-0.25
7-2-49-59.png,281,340,-0.25
7-2-49-60.png,281,340,-0.25
7-2-50-61.png,281,340,-0.25
7-2-50-62.png,231,340,-0.74
7-2-51-63.png,231,340,-0.74
7-2-52-64.png,231,340,-0.74
7-2-52-65.png,231,340,-0.74
7-2-53-66.png,231,340,-0.74
7-2-54-67.png,231,340,-0.74
7-2-54-68.png,231,340,-0.74
7-2-54-69.png,231,340,-0.74
7-2-55-70.png,231,340,-0.74
7-2-56-71.png,231,340,-0.74
7-2-56-72.png,281,340,-0.25
7-2-57-73.png,306,340,0.00
7-2-57-74.png,306,340,0.00
7-2-58-75.png,306,340,0.00
7-2-59-76.png,306,340,0.00
7-2-59-77.png,306,340,0.00
7-3-0-78.png,256,340,-0.49
7-3-1-79.png,231,340,-0.74
7-3-1-80.png,231,340,-0.74
7-3-2-81.png,231,340,-0.74
7-3-3-82.png,231,340,-0.74
7-3-3-83.png,256,340,-0.49
7-3-4-84.png,231,340,-0.74
7-3-9-85.png,281,340,-0.25
7-3-10-86.png,306,340,0.00
7-3-10-87.png,306,340,0.00
7-3-10-88.png,306,340,0.00
7-3-10-89.png,306,340,0.00
7-3-10-90.png,306,340,0.00
7-3-11-91.png,306,340,0.00
7-3-11-92.png,306,340,0.00
7-3-11-93.png,281,340,-0.25
7-3-11-94.png,256,340,-0.49
7-3-11-95.png,256,340,-0.49
7-3-12-96.png,231,340,-0.74
7-3-12-97.png,206,340,-0.98
7-3-12-98.png,206,340,-0.98
7-3-13-99.png,206,340,-0.98
7-3-14-100.png,231,340,-0.74
7-3-14-0.png,231,340,-0.74
7-3-15-1.png,256,340,-0.49
7-3-16-2.png,231,340,-0.74
7-3-17-3.png,206,340,-0.98
7-3-17-4.png,206,340,-0.98
7-3-18-5.png,206,340,-0.98
7-3-18-6.png,306,340,0.00
7-3-19-7.png,306,340,0.00
7-3-20-8.png,306,340,0.00
7-3-20-9.png,306,340,0.00
7-3-21-10.png,306,340,0.00
7-3-21-11.png,306,340,0.00
7-3-22-12.png,306,340,0.00
7-3-22-13.png,306,340,0.00
7-3-26-20.png,306,340,0.00
7-3-27-21.png,331,340,0.25
7-3-27-22.png,331,340,0.25
7-3-28-23.png,356,340,0.49
7-3-29-24.png,356,340,0.49
7-3-29-25.png,356,340,0.49
7-3-30-26.png,356,340,0.49
7-3-30-27.png,381,340,0.74
7-3-31-28.png,406,340,0.98
7-3-32-29.png,406,340,0.98
7-3-32-30.png,406,340,0.98
7-3-33-31.png,406,340,0.98
7-3-35-32.png,331,340,0.25
7-3-36-33.png,331,340,0.25
7-3-36-34.png,306,340,0.00
7-3-37-35.png,306,340,0.00
7-3-38-36.png,281,340,-0.25
7-3-38-37.png,306,340,0.00
7-3-39-38.png,356,340,0.49
7-3-40-39.png,356,340,0.49
7-3-40-40.png,381,340,0.74
7-3-41-41.png,381,340,0.74
7-3-41-42.png,356,340,0.49
7-3-47-43.png,331,340,0.25
7-3-47-44.png,331,340,0.25
7-3-48-45.png,331,340,0.25
7-3-48-46.png,356,340,0.49
7-3-48-47.png,356,340,0.49
7-3-51-48.png,381,340,0.74
7-3-51-49.png,381,340,0.74
7-3-51-50.png,381,340,0.74
7-3-52-51.png,381,340,0.74
7-3-52-52.png,381,340,0.74
7-3-52-53.png,381,340,0.74
7-3-52-54.png,381,340,0.74
7-3-52-55.png,381,340,0.74
7-3-53-56.png,381,340,0.74
7-3-53-57.png,381,340,0.74
7-3-53-58.png,381,340,0.74
7-3-53-59.png,356,340,0.49
7-3-53-60.png,356,340,0.49
7-3-54-61.png,356,340,0.49
7-3-54-62.png,281,340,-0.25
7-3-55-63.png,306,340,0.00
7-3-55-64.png,306,340,0.00
7-3-56-65.png,306,340,0.00
7-3-56-66.png,306,340,0.00
7-3-57-67.png,356,340,0.49
7-3-58-68.png,381,340,0.74
7-3-58-69.png,381,340,0.74
7-3-59-70.png,381,340,0.74
7-3-59-71.png,381,340,0.74
7-4-0-72.png,381,340,0.74
7-4-0-73.png,356,340,0.49
7-4-1-74.png,356,340,0.49
7-4-1-75.png,356,340,0.49
7-4-2-76.png,356,340,0.49
7-4-2-77.png,356,340,0.49
7-4-3-78.png,306,340,0.00
7-4-3-79.png,306,340,0.00
7-4-4-80.png,306,340,0.00
7-4-4-81.png,281,340,-0.25
7-4-4-82.png,306,340,0.00
7-4-5-83.png,331,340,0.25
7-4-5-84.png,356,340,0.49
7-4-6-85.png,356,340,0.49
7-4-6-86.png,381,340,0.74
7-4-7-87.png,381,340,0.74
7-4-7-88.png,381,340,0.74
7-4-8-89.png,381,340,0.74
7-4-8-90.png,381,340,0.74
7-4-9-91.png,356,340,0.49
7-4-9-92.png,356,340,0.49
7-4-10-93.png,356,340,0.49
7-4-10-94.png,356,340,0.49
7-4-11-95.png,306,340,0.00
7-4-11-96.png,306,340,0.00
7-4-12-97.png,306,340,0.00
7-4-12-98.png,306,340,0.00
7-4-13-99.png,306,340,0.00
7-4-13-100.png,331,340,0.25
7-4-14-0.png,356,340,0.49
7-4-18-1.png,381,340,0.74
7-4-18-2.png,356,340,0.49
7-4-19-3.png,306,340,0.00
7-4-20-4.png,306,340,0.00
7-4-20-5.png,281,340,-0.25
7-4-21-6.png,281,340,-0.25
7-4-22-7.png,356,340,0.49
7-4-22-8.png,356,340,0.49
7-4-22-9.png,381,340,0.74
7-4-23-10.png,381,340,0.74
7-4-29-11.png,306,340,0.00
7-4-29-12.png,306,340,0.00
7-4-30-13.png,306,340,0.00
7-4-30-14.png,306,340,0.00
7-4-30-15.png,306,340,0.00
7-4-30-16.png,306,340,0.00
7-4-30-17.png,331,340,0.25
7-4-31-18.png,331,340,0.25
7-4-31-19.png,331,340,0.25
7-4-31-20.png,331,340,0.25
7-4-31-21.png,331,340,0.25
7-4-31-22.png,331,340,0.25
7-4-32-23.png,356,340,0.49
7-4-32-24.png,406,340,0.98
7-4-33-25.png,406,340,0.98
7-4-33-26.png,406,340,0.98
7-4-34-27.png,406,340,0.98
7-4-35-28.png,406,340,0.98
7-4-35-29.png,381,340,0.74
7-4-36-30.png,356,340,0.49
7-4-36-31.png,356,340,0.49
7-4-37-32.png,381,340,0.74
7-4-37-33.png,381,340,0.74
7-4-38-34.png,306,340,0.00
7-4-38-35.png,331,340,0.25
7-4-39-36.png,306,340,0.00
7-4-39-37.png,306,340,0.00
7-4-40-38.png,306,340,0.00
7-4-40-39.png,306,340,0.00
7-4-40-40.png,306,340,0.00
7-4-41-41.png,356,340,0.49
7-4-41-42.png,356,340,0.49
7-4-42-43.png,381,340,0.74
7-4-43-44.png,381,340,0.74
7-4-43-45.png,381,340,0.74
7-4-43-46.png,381,340,0.74
7-4-44-47.png,381,340,0.74
7-4-47-48.png,306,340,0.00
7-4-47-49.png,306,340,0.00
7-4-48-50.png,306,340,0.00
7-4-48-51.png,306,340,0.00
7-4-49-52.png,306,340,0.00
7-4-49-53.png,306,340,0.00
7-4-50-54.png,356,340,0.49
7-4-50-55.png,381,340,0.74
7-4-51-56.png,381,340,0.74
7-4-51-57.png,381,340,0.74
7-4-52-58.png,381,340,0.74
7-4-52-59.png,381,340,0.74
7-4-53-60.png,356,340,0.49
7-4-53-61.png,356,340,0.49
7-4-54-62.png,381,340,0.74
7-4-59-63.png,381,340,0.74
7-4-59-64.png,381,340,0.74
7-5-0-65.png,381,340,0.74
7-5-0-66.png,381,340,0.74
7-5-0-67.png,381,340,0.74
7-5-0-68.png,381,340,0.74
7-5-0-69.png,356,340,0.49
7-5-1-70.png,356,340,0.49
7-5-1-71.png,356,340,0.49
7-5-1-72.png,356,340,0.49
7-5-1-73.png,356,340,0.49
7-5-1-74.png,356,340,0.49
7-5-2-75.png,381,340,0.74
7-5-6-76.png,306,340,0.00
7-5-6-77.png,306,340,0.00
7-5-6-78.png,306,340,0.00
7-5-6-79.png,281,340,-0.25
7-5-7-80.png,281,340,-0.25
7-5-7-81.png,281,340,-0.25
7-5-7-82.png,281,340,-0.25
7-5-7-83.png,306,340,0.00
7-5-7-84.png,306,340,0.00
7-5-8-85.png,306,340,0.00
7-5-8-86.png,306,340,0.00
7-5-8-87.png,306,340,0.00
7-5-8-88.png,306,340,0.00
7-5-9-89.png,306,340,0.00
7-5-9-90.png,306,340,0.00
7-5-10-91.png,331,340,0.25
7-5-10-92.png,356,340,0.49
7-5-11-93.png,356,340,0.49
7-5-11-94.png,356,340,0.49
7-5-12-95.png,381,340,0.74
7-5-12-96.png,381,340,0.74
7-5-13-97.png,381,340,0.74
7-5-13-98.png,381,340,0.74
7-5-14-99.png,381,340,0.74
7-5-15-100.png,381,340,0.74
7-5-15-0.png,356,340,0.49
7-5-16-1.png,356,340,0.49
7-5-16-2.png,381,340,0.74
7-5-17-3.png,381,340,0.74
7-5-18-4.png,356,340,0.49
7-5-18-5.png,306,340,0.00
7-5-19-6.png,306,340,0.00
7-5-19-7.png,306,340,0.00
7-5-20-8.png,306,340,0.00
7-5-20-9.png,306,340,0.00
7-5-21-10.png,281,340,-0.25
7-5-21-11.png,331,340,0.25
7-5-22-12.png,356,340,0.49
7-5-22-13.png,356,340,0.49
7-5-23-14.png,381,340,0.74
7-5-23-15.png,381,340,0.74
7-5-24-16.png,381,340,0.74
7-5-24-17.png,381,340,0.74
7-5-25-18.png,381,340,0.74
7-5-25-19.png,356,340,0.49
7-5-25-20.png,356,340,0.49
7-5-26-21.png,381,340,0.74
7-5-27-22.png,381,340,0.74
7-5-27-23.png,281,340,-0.25
7-5-28-24.png,331,340,0.25
7-5-28-25.png,306,340,0.00
7-5-29-26.png,281,340,-0.25
7-5-29-27.png,281,340,-0.25
7-5-30-28.png,331,340,0.25
7-5-30-29.png,356,340,0.49
7-5-31-30.png,381,340,0.74
7-5-31-31.png,356,340,0.49
7-5-32-32.png,356,340,0.49
7-5-33-33.png,381,340,0.74
7-5-33-34.png,381,340,0.74
7-5-34-35.png,381,340,0.74
7-5-34-36.png,381,340,0.74
7-5-36-37.png,331,340,0.25
7-5-37-38.png,281,340,-0.25
7-5-41-39.png,381,340,0.74
7-5-42-40.png,381,340,0.74
7-5-42-41.png,381,340,0.74
7-5-42-42.png,381,340,0.74
7-5-42-43.png,381,340,0.74
7-5-42-44.png,381,340,0.74
7-5-43-45.png,381,340,0.74
7-5-43-46.png,381,340,0.74
7-5-43-47.png,381,340,0.74
7-5-43-48.png,356,340,0.49
7-5-43-49.png,356,340,0.49
7-5-44-50.png,356,340,0.49
7-5-45-51.png,331,340,0.25
7-5-45-52.png,331,340,0.25
7-5-45-53.png,306,340,0.00
7-5-46-54.png,281,340,-0.25
7-5-46-55.png,306,340,0.00
7-5-47-56.png,331,340,0.25
7-5-48-57.png,381,340,0.74
7-5-48-58.png,381,340,0.74
7-5-49-59.png,356,340,0.49
7-5-49-60.png,356,340,0.49
7-5-50-61.png,381,340,0.74
7-5-51-62.png,381,340,0.74
7-5-51-63.png,381,340,0.74
7-5-52-64.png,381,340,0.74
7-5-52-65.png,381,340,0.74
7-5-52-66.png,356,340,0.49
7-5-53-67.png,306,340,0.00
7-5-54-68.png,306,340,0.00
7-5-54-69.png,281,340,-0.25
7-5-54-70.png,306,340,0.00
7-5-55-71.png,306,340,0.00
7-5-56-72.png,306,340,0.00
7-5-56-73.png,356,340,0.49
7-5-57-74.png,356,340,0.49
7-6-0-75.png,381,340,0.74
7-6-0-76.png,381,340,0.74
7-6-0-77.png,381,340,0.74
7-6-1-78.png,381,340,0.74
7-6-1-79.png,381,340,0.74
7-6-1-80.png,381,340,0.74
7-6-1-81.png,381,340,0.74
7-6-1-82.png,381,340,0.74
7-6-2-83.png,356,340,0.49
7-6-3-84.png,306,340,0.00
7-6-3-85.png,306,340,0.00
7-6-4-86.png,306,340,0.00
7-6-4-87.png,306,340,0.00
7-6-5-88.png,331,340,0.25
7-6-6-89.png,356,340,0.49
7-6-6-90.png,356,340,0.49
7-6-6-91.png,381,340,0.74
7-6-7-92.png,381,340,0.74
7-6-7-93.png,381,340,0.74
7-6-8-94.png,381,340,0.74
7-6-9-95.png,406,340,0.98
7-6-9-96.png,406,340,0.98
7-6-9-97.png,381,340,0.74
7-6-10-98.png,356,340,0.49
7-6-10-99.png,306,340,0.00
7-6-12-100.png,306,340,0.00
7-6-12-0.png,306,340,0.00
7-6-13-1.png,306,340,0.00
7-6-14-2.png,331,340,0.25
7-6-18-3.png,331,340,0.25
7-6-18-4.png,306,340,0.00
7-6-19-5.png,306,340,0.00
7-6-19-6.png,306,340,0.00
7-6-19-7.png,306,340,0.00
7-6-19-8.png,306,340,0.00
7-6-19-9.png,306,340,0.00
7-6-20-10.png,306,340,0.00
7-6-20-11.png,306,340,0.00
7-6-20-12.png,306,340,0.00
7-6-20-13.png,306,340,0.00
7-6-20-14.png,306,340,0.00
7-6-21-15.png,281,340,-0.25
7-6-21-16.png,281,340,-0.25
7-6-22-17.png,356,340,0.49
7-6-22-18.png,381,340,0.74
7-6-23-19.png,381,340,0.74
7-6-24-20.png,356,340,0.49
7-6-25-21.png,356,340,0.49
7-6-25-22.png,381,340,0.74
7-6-26-23.png,381,340,0.74
7-6-26-24.png,381,340,0.74
7-6-27-25.png,356,340,0.49
7-6-27-26.png,331,340,0.25
7-6-28-27.png,331,340,0.25
7-6-28-28.png,331,340,0.25
7-6-29-29.png,306,340,0.00
7-6-29-30.png,281,340,-0.25
7-6-31-31.png,331,340,0.25
7-6-31-32.png,356,340,0.49
7-6-31-33.png,381,340,0.74
7-6-32-34.png,381,346,0.74
7-6-32-35.png,381,348,0.74
7-6-33-36.png,381,346,0.74
7-6-34-37.png,381,346,0.74
7-6-34-38.png,381,342,0.74
7-6-34-39.png,381,342,0.74
7-7-50-20.png,306,340,0.00
7-7-51-21.png,306,340,0.00
7-7-52-22.png,331,340,0.25
7-7-53-23.png,356,340,0.49
7-7-54-24.png,381,340,0.74
7-7-55-25.png,381,340,0.74
7-7-56-26.png,381,340,0.74
7-7-56-27.png,356,340,0.49
7-7-57-28.png,381,340,0.74
7-7-58-29.png,381,340,0.74
7-7-59-30.png,381,340,0.74
7-7-59-31.png,306,340,0.00
7-8-0-32.png,306,340,0.00
7-8-1-33.png,281,340,-0.25
7-8-1-34.png,306,340,0.00
7-8-2-35.png,331,340,0.25
7-8-3-36.png,306,340,0.00
7-8-3-37.png,331,340,0.25
7-8-4-38.png,356,340,0.49
7-8-4-39.png,381,340,0.74
7-8-5-40.png,381,340,0.74
7-8-5-41.png,381,340,0.74
7-8-6-42.png,381,340,0.74
7-8-7-43.png,381,340,0.74
7-8-7-44.png,356,340,0.49
7-8-7-45.png,356,340,0.49
7-8-8-46.png,381,340,0.74
7-8-9-47.png,381,340,0.74
7-8-10-48.png,306,340,0.00
7-8-10-49.png,306,340,0.00
7-8-11-50.png,306,340,0.00
7-8-11-51.png,281,340,-0.25
7-8-12-52.png,281,340,-0.25
7-8-12-53.png,331,340,0.25
7-8-13-54.png,381,340,0.74
7-8-13-55.png,381,340,0.74
7-8-14-56.png,381,340,0.74
7-8-15-57.png,356,340,0.49
7-8-15-58.png,356,340,0.49
7-8-16-59.png,381,340,0.74
7-8-16-60.png,381,340,0.74
7-8-17-61.png,381,340,0.74
7-8-18-62.png,381,340,0.74
7-8-18-63.png,306,340,0.00
7-8-19-64.png,331,340,0.25
7-8-19-65.png,306,340,0.00
7-8-25-66.png,406,340,0.98
7-8-25-67.png,406,340,0.98
7-8-25-68.png,381,340,0.74
7-8-25-69.png,356,340,0.49
7-8-25-70.png,356,340,0.49
7-8-26-71.png,356,340,0.49
7-8-26-72.png,356,340,0.49
7-8-26-73.png,356,340,0.49
7-8-26-74.png,356,340,0.49
7-8-26-75.png,381,340,0.74
7-8-27-76.png,381,340,0.74
7-8-27-77.png,306,340,0.00
7-8-27-78.png,306,340,0.00
7-8-27-79.png,331,340,0.25
7-8-28-80.png,356,340,0.49
7-8-28-81.png,306,340,0.00
7-8-29-82.png,281,340,-0.25
7-8-30-83.png,306,340,0.00
7-8-30-84.png,331,340,0.25
7-8-31-85.png,381,340,0.74
7-8-32-86.png,381,340,0.74
7-8-32-87.png,381,340,0.74
7-8-33-88.png,356,340,0.49
7-8-33-89.png,356,340,0.49
7-8-34-90.png,356,340,0.49
7-8-35-91.png,381,340,0.74
7-8-35-92.png,406,340,0.98
7-8-36-93.png,406,340,0.98
7-8-36-94.png,331,340,0.25
7-8-37-95.png,306,340,0.00
7-8-38-96.png,281,340,-0.25
7-8-39-97.png,306,340,0.00
7-8-44-98.png,381,340,0.74
7-8-44-99.png,381,340,0.74
7-8-44-100.png,356,340,0.49
7-8-45-0.png,331,340,0.25
7-8-45-1.png,331,340,0.25
7-8-45-2.png,306,340,0.00
7-8-45-3.png,306,340,0.00
7-8-45-4.png,306,340,0.00
7-8-46-5.png,306,340,0.00
7-8-46-6.png,281,340,-0.25
7-8-46-7.png,281,340,-0.25
7-8-46-8.png,306,340,0.00
7-8-46-9.png,306,340,0.00
7-8-47-10.png,306,340,0.00
7-8-48-11.png,306,340,0.00
7-8-48-12.png,356,340,0.49
7-8-49-13.png,381,340,0.74
7-8-50-14.png,381,340,0.74
7-8-50-15.png,381,340,0.74
7-8-51-16.png,381,340,0.74
7-8-51-17.png,356,340,0.49
7-8-52-18.png,356,340,0.49
7-8-53-19.png,381,340,0.74
7-8-53-20.png,381,340,0.74
7-8-54-21.png,331,340,0.25
7-8-54-22.png,306,340,0.00
7-8-55-23.png,281,340,-0.25
7-8-55-24.png,281,340,-0.25
7-8-56-25.png,331,340,0.25
7-8-57-26.png,306,340,0.00
7-8-57-27.png,356,340,0.49
7-8-58-28.png,381,340,0.74
7-8-58-29.png,406,340,0.98
7-9-3-30.png,306,340,0.00
7-9-3-31.png,306,340,0.00
7-9-4-32.png,281,340,-0.25
7-9-4-33.png,281,340,-0.25
7-9-4-34.png,281,340,-0.25
7-9-4-35.png,281,340,-0.25
7-9-4-36.png,306,340,0.00
7-9-5-37.png,306,340,0.00
7-9-5-38.png,331,340,0.25
7-9-5-39.png,356,340,0.49
7-9-5-40.png,356,340,0.49
7-9-5-41.png,381,340,0.74
7-9-6-42.png,381,340,0.74
7-9-6-43.png,381,340,0.74
7-9-7-44.png,381,340,0.74
7-9-7-45.png,381,340,0.74
7-9-8-46.png,356,340,0.49
7-9-9-47.png,356,340,0.49
7-9-9-48.png,381,340,0.74
7-9-10-49.png,381,340,0.74
7-9-10-50.png,306,340,0.00
7-9-11-51.png,306,340,0.00
7-9-12-52.png,306,340,0.00
7-9-12-53.png,281,340,-0.25
7-9-12-54.png,281,340,-0.25
7-9-13-55.png,281,340,-0.25
7-9-13-56.png,306,340,0.00
7-9-14-57.png,381,340,0.74
7-9-14-58.png,406,340,0.98
7-9-16-59.png,359,340,0.52
7-9-21-60.png,306,340,0.00
7-9-21-61.png,306,340,0.00
7-9-21-62.png,281,340,-0.25
7-9-21-63.png,256,340,-0.49
7-9-23-64.png,306,340,0.00
7-9-23-65.png,306,340,0.00
7-9-23-66.png,306,340,0.00
7-9-24-67.png,306,340,0.00
7-9-24-68.png,331,340,0.25
7-9-24-69.png,356,340,0.49
7-9-24-70.png,356,340,0.49
7-9-24-71.png,381,340,0.74
7-9-25-72.png,406,340,0.98
7-9-25-73.png,409,340,1.01
7-9-25-74.png,409,340,1.01
7-9-25-75.png,409,340,1.01
7-9-25-76.png,409,340,1.01
7-9-26-77.png,409,340,1.01
7-9-26-78.png,384,340,0.76
7-9-27-79.png,359,340,0.52
7-9-28-80.png,359,340,0.52
7-9-28-81.png,359,340,0.52
7-9-29-82.png,384,340,0.76
7-9-29-83.png,384,340,0.76
7-9-30-84.png,384,340,0.76
7-9-30-85.png,334,340,0.27
7-9-31-86.png,309,340,0.03
7-9-32-87.png,309,340,0.03
7-9-32-88.png,309,340,0.03
7-9-33-89.png,309,340,0.03
7-9-33-90.png,309,340,0.03
7-9-35-91.png,359,340,0.52
7-9-35-92.png,384,340,0.76
7-9-36-93.png,409,340,1.01
7-9-37-94.png,409,340,1.01
7-9-42-95.png,356,340,0.49
7-9-42-96.png,356,340,0.49
7-9-42-97.png,356,340,0.49
7-9-42-98.png,356,340,0.49
7-9-44-99.png,381,340,0.74
7-9-44-100.png,381,340,0.74
7-9-45-0.png,381,340,0.74
7-9-45-1.png,381,340,0.74
7-9-45-2.png,381,340,0.74
7-9-45-3.png,381,340,0.74
7-9-45-4.png,381,340,0.74
7-9-46-5.png,356,340,0.49
7-9-46-6.png,356,340,0.49
7-9-46-7.png,356,340,0.49
7-9-46-8.png,356,340,0.49
7-9-46-9.png,356,340,0.49
7-9-47-10.png,331,340,0.25
7-9-47-11.png,306,340,0.00
7-9-47-12.png,306,340,0.00
7-9-48-13.png,306,340,0.00
7-9-48-14.png,306,340,0.00
7-9-49-15.png,331,340,0.25
7-9-50-16.png,356,340,0.49
7-9-50-17.png,381,340,0.74
7-9-51-18.png,381,340,0.74
7-9-51-19.png,356,340,0.49
7-9-52-20.png,381,340,0.74
7-9-52-21.png,381,340,0.74
7-9-53-22.png,381,340,0.74
7-9-53-23.png,356,340,0.49
7-9-54-24.png,331,340,0.25
7-9-55-25.png,281,340,-0.25
7-9-55-26.png,306,340,0.00
7-9-55-27.png,306,340,0.00
7-9-56-28.png,356,340,0.49
7-9-57-29.png,331,340,0.25
7-9-58-30.png,381,340,0.74
7-9-58-31.png,406,340,0.98
7-9-59-32.png,406,340,0.98
7-9-59-33.png,381,340,0.74
7-10-0-34.png,356,340,0.49
7-10-0-35.png,331,340,0.25
7-10-1-36.png,306,340,0.00
7-10-2-37.png,306,340,0.00
7-10-2-38.png,306,340,0.00
7-10-2-39.png,306,340,0.00
7-10-3-40.png,331,340,0.25
7-10-4-41.png,381,340,0.74
7-10-4-42.png,381,340,0.74
7-10-5-43.png,356,340,0.49
7-10-5-44.png,381,340,0.74
7-10-5-45.png,381,340,0.74
7-10-7-46.png,306,340,0.00
7-10-7-47.png,306,340,0.00
7-10-8-48.png,306,340,0.00
7-10-8-49.png,306,340,0.00
7-10-9-50.png,331,340,0.25
7-10-10-51.png,356,340,0.49
7-10-10-52.png,356,340,0.49
7-10-11-53.png,381,340,0.74
7-10-11-54.png,381,340,0.74
7-10-12-55.png,381,340,0.74
7-10-13-56.png,331,340,0.25
7-10-13-57.png,331,340,0.25
7-10-18-58.png,406,340,0.98
7-10-18-59.png,406,340,0.98
7-10-18-60.png,406,340,0.98
7-10-19-61.png,406,340,0.98
7-10-19-62.png,381,340,0.74
7-10-19-63.png,356,340,0.49
7-10-19-64.png,356,340,0.49
7-10-19-65.png,331,340,0.25
7-10-20-66.png,331,340,0.25
7-10-20-67.png,331,340,0.25
7-10-20-68.png,331,340,0.25
7-10-20-69.png,306,340,0.00
7-10-20-70.png,281,340,-0.25
7-10-21-71.png,281,340,-0.25
7-10-26-72.png,331,340,0.25
7-10-26-73.png,356,340,0.49
7-10-26-74.png,356,340,0.49
7-10-26-75.png,356,340,0.49
7-10-26-76.png,356,340,0.49
7-10-27-77.png,306,340,0.00
7-10-27-78.png,306,340,0.00
7-10-27-79.png,306,340,0.00
7-10-27-80.png,306,340,0.00
7-10-27-81.png,306,340,0.00
7-10-28-82.png,306,340,0.00
7-10-28-83.png,306,340,0.00
7-10-28-84.png,306,340,0.00
7-10-28-85.png,306,340,0.00
7-10-29-86.png,356,340,0.49
7-10-29-87.png,381,340,0.74
7-10-30-88.png,381,340,0.74
7-10-31-89.png,381,340,0.74
7-10-31-90.png,381,340,0.74
7-10-32-91.png,356,340,0.49
7-10-32-92.png,356,340,0.49
7-10-33-93.png,306,340,0.00
7-10-33-94.png,306,340,0.00
7-10-34-95.png,306,340,0.00
7-10-35-96.png,331,340,0.25
7-10-35-97.png,331,340,0.25
7-10-36-98.png,381,340,0.74
7-10-36-99.png,381,340,0.74
7-10-37-100.png,381,340,0.74
7-10-37-0.png,381,340,0.74
7-10-38-1.png,381,340,0.74
7-10-39-2.png,356,340,0.49
7-10-39-3.png,356,340,0.49
7-10-40-4.png,306,340,0.00
7-10-40-5.png,306,340,0.00
7-10-41-6.png,306,340,0.00
7-10-42-7.png,306,340,0.00
7-10-42-8.png,356,340,0.49
7-10-43-9.png,381,340,0.74
7-10-43-10.png,381,340,0.74
7-10-44-11.png,381,340,0.74
7-10-44-12.png,381,340,0.74
7-10-45-13.png,381,340,0.74
7-10-45-14.png,331,340,0.25
7-10-46-15.png,331,340,0.25
7-10-47-16.png,306,340,0.00
7-10-47-17.png,281,340,-0.25
7-10-48-18.png,306,340,0.00
7-10-48-19.png,331,340,0.25
7-10-49-20.png,356,340,0.49
7-10-50-21.png,381,340,0.74
7-10-55-22.png,306,340,0.00
7-10-55-23.png,306,340,0.00
7-10-55-24.png,306,340,0.00
7-10-55-25.png,306,340,0.00
7-10-56-26.png,306,340,0.00
7-10-56-27.png,306,340,0.00
7-10-56-28.png,306,340,0.00
7-10-56-29.png,306,340,0.00
7-10-56-30.png,306,340,0.00
7-10-57-31.png,331,340,0.25
7-10-57-32.png,331,340,0.25
7-10-57-33.png,356,340,0.49
7-10-57-34.png,356,340,0.49
7-10-58-35.png,356,340,0.49
7-10-58-36.png,356,340,0.49
7-10-59-37.png,381,340,0.74
7-10-59-38.png,381,340,0.74
7-11-0-39.png,409,340,1.01
7-11-0-40.png,409,340,1.01
7-11-1-41.png,409,340,1.01
7-11-1-42.png,359,340,0.52
7-11-2-43.png,281,340,-0.25
7-11-3-44.png,256,340,-0.49
7-11-3-45.png,306,340,0.00
7-11-4-46.png,306,340,0.00
7-11-4-47.png,306,340,0.00
7-11-5-48.png,331,340,0.25
7-11-5-49.png,356,340,0.49
7-11-6-50.png,381,340,0.74
7-11-7-51.png,381,340,0.74
7-11-7-52.png,356,340,0.49
7-11-8-53.png,381,340,0.74
7-11-9-54.png,306,340,0.00
7-11-10-55.png,281,340,-0.25
7-11-10-56.png,306,340,0.00
7-11-11-57.png,356,340,0.49
7-11-12-58.png,356,340,0.49
7-11-13-59.png,381,340,0.74
7-11-14-60.png,381,340,0.74
7-11-14-61.png,331,340,0.25
7-11-15-62.png,306,340,0.00
7-11-15-63.png,306,340,0.00
7-11-16-64.png,306,340,0.00
7-11-17-65.png,381,340,0.74
7-11-17-66.png,406,340,0.98
7-11-18-67.png,381,340,0.74
7-11-18-68.png,381,340,0.74
7-11-19-69.png,381,340,0.74
7-11-20-70.png,381,340,0.74
7-11-20-71.png,281,340,-0.25
7-11-21-72.png,306,340,0.00
7-11-21-73.png,331,340,0.25
7-11-22-74.png,331,340,0.25
7-11-23-75.png,381,340,0.74
7-11-23-76.png,356,340,0.49
7-11-24-77.png,356,340,0.49
7-11-24-78.png,356,340,0.49
7-11-25-79.png,356,340,0.49
7-11-25-80.png,381,340,0.74
7-11-26-81.png,406,340,0.98
7-11-27-82.png,409,340,1.01
7-11-27-83.png,409,340,1.01
7-11-28-84.png,409,340,1.01
7-11-29-85.png,306,340,0.00
7-11-34-86.png,356,340,0.49
7-11-34-87.png,331,340,0.25
7-11-35-88.png,331,340,0.25
7-11-35-89.png,306,340,0.00
7-11-35-90.png,306,340,0.00
7-11-35-91.png,306,340,0.00
7-11-35-92.png,306,340,0.00
7-11-36-93.png,306,340,0.00
7-11-36-94.png,306,340,0.00
7-11-36-95.png,306,340,0.00
7-11-36-96.png,306,340,0.00
7-11-37-97.png,356,340,0.49
7-11-37-98.png,381,340,0.74
7-11-38-99.png,381,340,0.74
7-11-39-100.png,381,340,0.74
7-11-39-0.png,356,340,0.49
7-11-40-1.png,356,340,0.49
7-11-40-2.png,306,340,0.00
7-11-41-3.png,331,340,0.25
7-11-42-4.png,281,340,-0.25
7-11-42-5.png,306,340,0.00
7-11-43-6.png,381,340,0.74
7-11-43-7.png,381,340,0.74
7-11-44-8.png,381,340,0.74
7-11-44-9.png,381,340,0.74
7-11-45-10.png,381,340,0.74
7-11-45-11.png,381,340,0.74
7-11-46-12.png,356,340,0.49
7-11-47-13.png,331,340,0.25
7-11-47-14.png,331,340,0.25
7-11-48-15.png,306,340,0.00
7-11-48-16.png,306,340,0.00
7-11-49-17.png,306,340,0.00
7-11-49-18.png,306,340,0.00
7-11-50-19.png,306,340,0.00
7-11-51-20.png,306,340,0.00
7-11-51-21.png,356,340,0.49
7-11-52-22.png,381,340,0.74
7-11-52-23.png,381,340,0.74
7-11-53-24.png,381,340,0.74
7-11-53-25.png,381,340,0.74
7-11-54-26.png,356,340,0.49
7-11-55-27.png,381,340,0.74
7-11-55-28.png,381,340,0.74
7-11-56-29.png,381,340,0.74
7-11-56-30.png,306,340,0.00
7-11-57-31.png,331,340,0.25
7-12-1-32.png,356,340,0.49
7-12-2-33.png,356,340,0.49
7-12-2-34.png,356,340,0.49
7-12-2-35.png,356,340,0.49
7-12-2-36.png,356,340,0.49
7-12-2-37.png,356,340,0.49
7-12-3-38.png,381,340,0.74
7-12-3-39.png,381,340,0.74
7-12-3-40.png,381,340,0.74
7-12-3-41.png,381,340,0.74
7-12-3-42.png,381,340,0.74
7-12-4-43.png,381,340,0.74
7-12-4-44.png,381,340,0.74
7-12-4-45.png,381,340,0.74
7-12-5-46.png,381,340,0.74
7-12-6-47.png,381,340,0.74
7-12-7-48.png,331,340,0.25
7-12-8-49.png,331,340,0.25
7-12-13-50.png,356,340,0.49
7-12-13-51.png,356,340,0.49
7-12-13-52.png,381,340,0.74
7-12-13-53.png,381,340,0.74
7-12-14-54.png,381,340,0.74
7-12-14-55.png,381,340,0.74
7-12-14-56.png,381,340,0.74
7-12-14-57.png,381,340,0.74
7-12-14-58.png,381,340,0.74
7-12-15-59.png,381,340,0.74
7-12-15-60.png,381,340,0.74
7-12-15-61.png,381,340,0.74
7-12-15-62.png,381,340,0.74
7-12-16-63.png,381,340,0.74
7-12-16-64.png,381,340,0.74
7-12-16-65.png,381,340,0.74
7-12-18-66.png,331,340,0.25
7-12-18-67.png,331,340,0.25
7-12-18-68.png,306,340,0.00
7-12-19-69.png,306,340,0.00
7-12-20-70.png,306,340,0.00
7-12-20-71.png,306,340,0.00
7-12-20-72.png,306,340,0.00
7-12-21-73.png,306,340,0.00
7-12-22-74.png,306,340,0.00
7-12-22-75.png,306,340,0.00
7-12-23-76.png,306,340,0.00
7-12-23-77.png,306,340,0.00
7-12-27-83.png,306,340,0.00
7-12-29-84.png,306,340,0.00
7-12-29-85.png,306,340,0.00
7-12-30-86.png,306,340,0.00
7-12-31-87.png,306,340,0.00
7-12-31-88.png,306,340,0.00
7-12-32-89.png,306,340,0.00
7-12-32-90.png,281,340,-0.25
7-12-33-91.png,281,340,-0.25
7-12-34-92.png,256,340,-0.49
7-12-34-93.png,256,340,-0.49
7-12-35-94.png,231,340,-0.74
7-12-35-95.png,231,340,-0.74
7-12-36-96.png,231,340,-0.74
7-12-36-97.png,231,340,-0.74
7-12-37-98.png,231,340,-0.74
7-12-37-99.png,231,340,-0.74
7-12-37-100.png,231,340,-0.74
7-12-38-0.png,231,340,-0.74
7-12-39-1.png,306,340,0.00
7-12-40-2.png,281,340,-0.25
7-12-40-3.png,281,340,-0.25
7-12-41-4.png,306,340,0.00
7-12-41-5.png,306,340,0.00
7-12-41-6.png,306,340,0.00
7-12-42-7.png,306,340,0.00
7-12-42-8.png,306,340,0.00
7-12-43-9.png,306,340,0.00
7-12-43-10.png,306,340,0.00
7-12-44-11.png,281,340,-0.25
7-12-45-12.png,231,340,-0.74
7-12-50-13.png,306,340,0.00
7-12-50-14.png,306,340,0.00
7-12-50-15.png,306,340,0.00
7-12-51-16.png,306,340,0.00
7-12-51-17.png,306,340,0.00
7-12-51-18.png,306,340,0.00
7-12-51-19.png,306,340,0.00
7-12-51-20.png,306,340,0.00
7-12-52-21.png,306,340,0.00
7-12-52-22.png,306,340,0.00
7-12-52-23.png,306,340,0.00
7-12-52-24.png,306,340,0.00
7-12-52-25.png,306,340,0.00
7-12-53-26.png,306,340,0.00
7-12-53-27.png,256,340,-0.49
7-12-54-28.png,256,340,-0.49
7-12-54-29.png,231,340,-0.74
7-12-55-30.png,231,340,-0.74
7-12-55-31.png,231,340,-0.74
7-12-56-32.png,231,340,-0.74
7-12-56-33.png,231,340,-0.74
7-12-57-34.png,231,340,-0.74
7-12-58-35.png,256,340,-0.49
7-12-58-36.png,256,340,-0.49
7-12-59-37.png,306,340,0.00
7-13-0-38.png,306,340,0.00
7-13-0-39.png,306,340,0.00
7-13-1-40.png,306,340,0.00
7-13-1-41.png,306,340,0.00
7-13-1-42.png,306,340,0.00
7-13-2-43.png,306,340,0.00
7-13-2-44.png,306,340,0.00
7-13-3-45.png,281,340,-0.25
7-13-3-46.png,231,340,-0.74
7-13-4-47.png,206,340,-0.98
7-13-5-48.png,206,340,-0.98
7-13-5-49.png,206,340,-0.98
7-13-6-50.png,256,340,-0.49
7-13-7-51.png,256,340,-0.49
7-13-7-52.png,231,340,-0.74
7-13-8-53.png,206,340,-0.98
7-13-8-54.png,306,340,0.00
7-13-9-55.png,306,340,0.00
7-13-9-56.png,306,340,0.00
7-13-10-57.png,306,340,0.00
7-13-10-58.png,306,340,0.00
7-13-11-59.png,306,340,0.00
7-13-12-60.png,281,340,-0.25
7-13-12-61.png,256,340,-0.49
7-13-13-62.png,231,340,-0.74
7-13-13-63.png,231,340,-0.74
7-13-14-64.png,231,340,-0.74
7-13-15-65.png,256,340,-0.49
7-13-15-66.png,256,340,-0.49
7-13-16-67.png,206,340,-0.98
7-13-17-68.png,306,340,0.00
7-13-17-69.png,306,340,0.00
7-13-18-70.png,306,340,0.00
7-13-18-71.png,306,340,0.00
7-13-19-72.png,331,340,0.25
7-13-19-73.png,331,340,0.25
7-13-20-74.png,281,340,-0.25
7-13-21-75.png,231,340,-0.74
7-13-21-76.png,231,340,-0.74
7-13-22-77.png,231,340,-0.74
7-13-27-78.png,331,340,0.25
7-13-28-79.png,306,340,0.00
7-13-28-80.png,281,340,-0.25
7-13-28-81.png,281,340,-0.25
7-13-28-82.png,256,340,-0.49
7-13-28-83.png,256,340,-0.49
7-13-29-84.png,256,340,-0.49
7-13-29-85.png,256,340,-0.49
7-13-29-86.png,256,340,-0.49
7-13-29-87.png,256,340,-0.49
7-13-29-88.png,256,340,-0.49
7-13-30-89.png,231,340,-0.74
7-13-30-90.png,231,340,-0.74
7-13-30-91.png,231,340,-0.74
7-13-30-92.png,231,340,-0.74
7-13-31-93.png,231,340,-0.74
7-13-31-94.png,256,340,-0.49
7-13-32-95.png,231,340,-0.74
7-13-32-96.png,256,340,-0.49
7-13-33-97.png,281,340,-0.25
7-13-35-98.png,306,340,0.00
7-13-36-99.png,281,340,-0.25
7-13-36-100.png,281,340,-0.25
7-13-37-0.png,256,340,-0.49
7-13-38-1.png,206,340,-0.98
7-13-38-2.png,206,340,-0.98
7-13-39-3.png,231,340,-0.74
7-13-40-4.png,256,340,-0.49
7-13-40-5.png,256,340,-0.49
7-13-41-6.png,206,340,-0.98
7-13-41-7.png,306,340,0.00
7-13-42-8.png,306,340,0.00
7-13-42-9.png,306,340,0.00
7-13-43-10.png,331,340,0.25
7-13-44-11.png,331,340,0.25
7-13-44-12.png,281,340,-0.25
7-13-45-13.png,281,340,-0.25
7-13-45-14.png,256,340,-0.49
7-13-46-15.png,231,340,-0.74
7-13-46-16.png,206,340,-0.98
7-13-47-17.png,231,340,-0.74
7-13-47-18.png,256,340,-0.49
7-13-48-19.png,256,340,-0.49
7-13-48-20.png,256,340,-0.49
7-13-49-21.png,206,340,-0.98
7-13-50-22.png,206,340,-0.98
7-13-50-23.png,256,340,-0.49
7-13-51-24.png,331,340,0.25
7-13-51-25.png,306,340,0.00
7-13-52-26.png,306,340,0.00
7-13-52-27.png,281,340,-0.25
7-13-53-28.png,281,340,-0.25
7-13-53-29.png,281,340,-0.25
7-13-54-30.png,281,340,-0.25
7-13-55-31.png,231,340,-0.74
7-13-55-32.png,206,340,-0.98
7-13-56-33.png,206,340,-0.98
7-13-57-34.png,231,340,-0.74
7-13-57-35.png,256,340,-0.49
7-13-58-36.png,206,340,-0.98
7-13-58-37.png,204,340,-1.00
7-13-59-38.png,204,340,-1.00
7-13-59-39.png,204,340,-1.00
7-14-0-40.png,306,340,0.00
7-14-5-41.png,256,340,-0.49
7-14-5-42.png,256,340,-0.49
7-14-5-43.png,256,340,-0.49
7-14-6-44.png,256,340,-0.49
7-14-6-45.png,231,340,-0.74
7-14-6-46.png,231,340,-0.74
7-14-6-47.png,206,340,-0.98
7-14-6-48.png,206,340,-0.98
7-14-7-49.png,206,340,-0.98
7-14-7-50.png,206,340,-0.98
7-14-7-51.png,206,340,-0.98
7-14-7-52.png,206,340,-0.98
7-14-7-53.png,206,340,-0.98
7-14-8-54.png,206,340,-0.98
7-14-8-55.png,206,340,-0.98
7-14-9-56.png,281,340,-0.25
7-14-9-57.png,281,340,-0.25
7-14-10-58.png,306,340,0.00
7-14-10-59.png,331,340,0.25
7-14-11-60.png,306,340,0.00
7-14-11-61.png,256,340,-0.49
7-14-12-62.png,281,340,-0.25
7-14-13-63.png,256,340,-0.49
7-14-13-64.png,231,340,-0.74
7-14-14-65.png,206,340,-0.98
7-14-15-66.png,256,340,-0.49
7-14-15-67.png,256,340,-0.49
7-14-16-68.png,206,340,-0.98
7-14-20-69.png,281,340,-0.25
7-14-20-70.png,256,340,-0.49
7-14-20-71.png,231,340,-0.74
7-14-20-72.png,206,340,-0.98
7-14-20-73.png,206,340,-0.98
7-14-21-74.png,206,340,-0.98
7-14-21-75.png,231,340,-0.74
7-14-21-76.png,231,340,-0.74
7-14-21-77.png,256,340,-0.49
7-14-21-78.png,256,340,-0.49
7-14-22-79.png,256,340,-0.49
7-14-22-80.png,256,340,-0.49
7-14-22-81.png,256,340,-0.49
7-14-22-82.png,231,340,-0.74
7-14-23-83.png,206,340,-0.98
7-14-23-84.png,231,340,-0.74
7-14-24-85.png,256,340,-0.49
7-14-24-86.png,281,340,-0.25
7-14-25-87.png,281,340,-0.25
7-14-26-88.png,306,340,0.00
7-14-26-89.png,331,340,0.25
7-14-27-90.png,306,340,0.00
7-14-28-91.png,256,340,-0.49
7-14-28-92.png,256,340,-0.49
7-14-29-93.png,256,340,-0.49
7-14-29-94.png,256,340,-0.49
7-14-29-95.png,256,340,-0.49
7-14-30-96.png,231,340,-0.74
7-14-31-97.png,204,340,-1.00
7-14-31-98.png,204,340,-1.00
7-14-32-99.png,204,340,-1.00
7-14-32-100.png,229,340,-0.75
7-14-32-0.png,254,340,-0.51
7-14-33-1.png,229,340,-0.75
7-14-34-2.png,306,340,0.00
7-14-34-3.png,281,340,-0.25
7-14-34-4.png,306,340,0.00
7-14-41-5.png,206,340,-0.98
7-14-41-6.png,306,340,0.00
7-14-41-7.png,306,340,0.00
7-14-41-8.png,281,340,-0.25
7-14-41-9.png,256,340,-0.49
7-14-42-10.png,256,340,-0.49
7-14-42-11.png,306,340,0.00
7-14-42-12.png,281,340,-0.25
7-14-42-13.png,256,340,-0.49
7-14-42-14.png,256,340,-0.49
7-14-43-15.png,306,340,0.00
7-14-43-16.png,306,340,0.00
7-14-43-17.png,306,340,0.00
7-14-44-18.png,306,340,0.00
7-14-44-19.png,306,340,0.00
7-14-44-20.png,231,340,-0.74
7-14-45-21.png,206,340,-0.98
7-14-45-22.png,206,340,-0.98
7-14-46-23.png,256,340,-0.49
7-14-47-24.png,231,340,-0.74
7-14-48-25.png,206,340,-0.98
7-14-48-26.png,206,340,-0.98
7-14-49-27.png,306,340,0.00
7-14-49-28.png,306,340,0.00
7-14-50-29.png,306,340,0.00
7-14-50-30.png,306,340,0.00
7-14-51-31.png,306,340,0.00
7-14-51-32.png,281,340,-0.25
7-14-52-33.png,256,340,-0.49
7-14-52-34.png,256,340,-0.49
7-14-53-35.png,231,340,-0.74
7-14-53-36.png,206,340,-0.98
7-14-54-37.png,206,340,-0.98
7-14-54-38.png,206,340,-0.98
7-14-55-39.png,256,340,-0.49
7-14-56-40.png,231,340,-0.74
7-14-57-41.png,306,340,0.00
7-14-57-42.png,306,340,0.00
7-14-58-43.png,306,340,0.00
7-14-58-44.png,306,340,0.00
7-14-59-45.png,256,340,-0.49
7-14-59-46.png,231,340,-0.74
7-15-0-47.png,231,340,-0.74
7-15-0-48.png,231,340,-0.74
7-15-1-49.png,231,340,-0.74
7-15-1-50.png,206,340,-0.98
7-15-2-51.png,206,340,-0.98
7-15-2-52.png,231,340,-0.74
7-15-3-53.png,256,340,-0.49
7-15-3-54.png,306,340,0.00
7-15-4-55.png,306,340,0.00
7-15-5-56.png,306,340,0.00
7-15-5-57.png,306,340,0.00
7-15-6-58.png,256,340,-0.49
7-15-6-59.png,231,340,-0.74
7-15-7-60.png,231,340,-0.74
7-15-7-61.png,231,340,-0.74
7-15-8-62.png,206,340,-0.98
7-15-9-63.png,256,340,-0.49
7-15-9-64.png,231,340,-0.74
7-15-10-65.png,231,340,-0.74
7-15-10-66.png,231,340,-0.74
7-15-11-67.png,306,340,0.00
7-15-11-68.png,281,340,-0.25
7-15-16-69.png,206,340,-0.98
7-15-17-70.png,231,340,-0.74
7-15-17-71.png,256,340,-0.49
7-15-17-72.png,281,340,-0.25
7-15-17-73.png,281,340,-0.25
7-15-17-74.png,256,340,-0.49
7-15-18-75.png,231,340,-0.74
7-15-18-76.png,231,340,-0.74
7-15-18-77.png,231,340,-0.74
7-15-18-78.png,231,340,-0.74
7-15-18-79.png,306,340,0.00
7-15-19-80.png,306,340,0.00
7-15-19-81.png,306,340,0.00
7-15-19-82.png,306,340,0.00
7-15-20-83.png,306,340,0.00
7-15-20-84.png,306,340,0.00
7-15-21-85.png,306,340,0.00
7-15-22-86.png,231,340,-0.74
7-15-22-87.png,206,340,-0.98
7-15-23-88.png,231,340,-0.74
7-15-23-89.png,256,340,-0.49
7-15-24-90.png,256,340,-0.49
7-15-24-91.png,231,340,-0.74
7-15-25-92.png,231,340,-0.74
7-15-25-93.png,206,340,-0.98
7-15-26-94.png,206,340,-0.98
7-15-27-95.png,306,340,0.00
7-15-27-96.png,306,340,0.00
7-15-28-97.png,281,340,-0.25
7-15-28-98.png,256,340,-0.49
7-15-29-99.png,306,340,0.00
7-15-29-100.png,306,340,0.00
7-15-30-0.png,306,340,0.00
7-15-30-1.png,281,340,-0.25
7-15-31-2.png,256,340,-0.49
7-15-32-3.png,256,340,-0.49
7-15-32-4.png,231,340,-0.74
7-15-33-5.png,206,340,-0.98
7-15-33-6.png,206,340,-0.98
7-15-34-7.png,206,340,-0.98
7-15-35-8.png,256,340,-0.49
7-15-36-9.png,256,340,-0.49
7-15-41-10.png,231,340,-0.74
7-15-41-11.png,231,340,-0.74
7-15-41-12.png,231,340,-0.74
7-15-41-13.png,206,340,-0.98
7-15-42-14.png,206,340,-0.98
7-15-42-15.png,206,340,-0.98
7-15-42-16.png,206,340,-0.98
7-15-42-17.png,231,340,-0.74
7-15-42-18.png,231,340,-0.74
7-15-43-19.png,231,340,-0.74
7-15-43-20.png,231,340,-0.74
7-15-43-21.png,231,340,-0.74
7-15-43-22.png,231,340,-0.74
7-15-43-23.png,231,340,-0.74
7-15-44-24.png,231,340,-0.74
7-15-44-25.png,231,340,-0.74
7-15-44-26.png,206,340,-0.98
7-15-45-27.png,306,340,0.00
7-15-46-28.png,281,340,-0.25
7-15-46-29.png,281,340,-0.25
7-15-47-30.png,306,340,0.00
7-15-47-31.png,306,340,0.00
7-15-48-32.png,306,340,0.00
7-15-48-33.png,256,340,-0.49
7-15-53-34.png,306,340,0.00
7-15-54-35.png,306,340,0.00
7-15-54-36.png,281,340,-0.25
7-15-54-37.png,281,340,-0.25
7-15-54-38.png,306,340,0.00
7-15-54-39.png,306,340,0.00
7-15-55-40.png,306,340,0.00
7-15-55-41.png,306,340,0.00
7-15-55-42.png,281,340,-0.25
7-15-55-43.png,306,340,0.00
7-15-55-44.png,306,340,0.00
7-15-56-45.png,306,340,0.00
7-15-56-46.png,281,340,-0.25
7-15-56-47.png,256,340,-0.49
7-15-57-48.png,281,340,-0.25
7-15-57-49.png,281,340,-0.25
7-15-57-50.png,206,340,-0.98
7-15-58-51.png,206,340,-0.98
7-15-59-52.png,206,340,-0.98
7-15-59-53.png,206,340,-0.98
7-15-59-54.png,231,340,-0.74
7-16-0-55.png,231,340,-0.74
7-16-0-56.png,231,340,-0.74
7-16-1-57.png,256,340,-0.49
7-16-1-58.png,231,340,-0.74
7-16-2-59.png,231,340,-0.74
7-16-2-60.png,231,340,-0.74
7-16-2-61.png,306,340,0.00
7-16-3-62.png,281,340,-0.25
7-16-3-63.png,306,340,0.00
7-16-4-64.png,306,340,0.00
7-16-4-65.png,281,340,-0.25
7-16-5-66.png,256,340,-0.49
7-16-5-67.png,256,340,-0.49
7-16-6-68.png,256,340,-0.49
7-16-7-69.png,231,340,-0.74
7-16-7-70.png,206,340,-0.98
7-16-7-71.png,206,340,-0.98
7-16-8-72.png,206,340,-0.98
7-16-8-73.png,206,340,-0.98
7-16-9-74.png,206,340,-0.98
7-16-9-75.png,256,340,-0.49
7-16-10-76.png,231,340,-0.74
7-16-10-77.png,306,340,0.00
7-16-11-78.png,306,340,0.00
7-16-11-79.png,306,340,0.00
7-16-11-80.png,306,340,0.00
7-16-12-81.png,306,340,0.00
7-16-13-82.png,281,340,-0.25
7-16-13-83.png,281,340,-0.25
7-16-14-84.png,256,340,-0.49
7-16-14-85.png,256,340,-0.49
7-16-15-86.png,206,340,-0.98
7-16-15-87.png,206,340,-0.98
7-16-16-88.png,206,340,-0.98
7-16-16-89.png,231,340,-0.74
7-16-17-90.png,231,340,-0.74
7-16-17-91.png,231,340,-0.74
7-16-18-92.png,231,340,-0.74
7-16-18-93.png,231,340,-0.74
7-16-19-94.png,256,340,-0.49
7-16-19-95.png,256,340,-0.49
7-16-20-96.png,306,340,0.00
7-16-20-97.png,306,340,0.00
7-16-24-98.png,206,340,-0.98
7-16-24-99.png,206,340,-0.98
7-16-24-100.png,206,340,-0.98
7-16-25-0.png,206,340,-0.98
7-16-25-1.png,206,340,-0.98
7-16-25-2.png,206,340,-0.98
7-16-25-3.png,206,340,-0.98
7-16-25-4.png,206,340,-0.98
7-16-26-5.png,206,340,-0.98
7-16-29-6.png,306,340,0.00
7-16-33-7.png,206,340,-0.98
7-16-33-8.png,206,340,-0.98
7-16-34-9.png,206,340,-0.98
7-16-34-10.png,206,340,-0.98
7-16-34-11.png,206,340,-0.98
7-16-34-12.png,231,340,-0.74
7-16-34-13.png,231,340,-0.74
7-16-35-14.png,231,340,-0.74
7-16-35-15.png,231,340,-0.74
7-16-35-16.png,231,340,-0.74
7-16-35-17.png,231,340,-0.74
7-16-35-18.png,231,340,-0.74
7-16-36-19.png,306,340,0.00
7-16-36-20.png,306,340,0.00
7-16-36-21.png,256,340,-0.49
7-16-37-22.png,306,340,0.00
7-16-37-23.png,306,340,0.00
7-16-38-24.png,306,340,0.00
7-16-38-25.png,281,340,-0.25
7-16-39-26.png,256,340,-0.49
7-16-39-27.png,256,340,-0.49
7-16-41-28.png,206,340,-0.98
7-16-41-29.png,206,340,-0.98
7-16-42-30.png,206,340,-0.98
7-16-42-31.png,231,340,-0.74
7-16-43-32.png,231,340,-0.74
7-16-43-33.png,231,340,-0.74
7-16-44-34.png,231,340,-0.74
7-16-44-35.png,306,340,0.00
7-16-45-36.png,281,340,-0.25
7-16-45-37.png,256,340,-0.49
7-16-46-38.png,281,340,-0.25
7-16-46-39.png,306,340,0.00
7-16-47-40.png,281,340,-0.25
7-16-47-41.png,281,340,-0.25
7-16-48-42.png,281,340,-0.25
7-16-48-43.png,256,340,-0.49
7-16-49-44.png,231,340,-0.74
7-16-49-45.png,231,340,-0.74
7-16-50-46.png,231,340,-0.74
7-16-50-47.png,206,340,-0.98
7-16-50-48.png,231,340,-0.74
7-16-51-49.png,231,340,-0.74
7-16-51-50.png,231,340,-0.74
7-16-52-51.png,256,340,-0.49
7-16-52-52.png,231,340,-0.74
7-16-53-53.png,206,340,-0.98
7-16-53-54.png,206,340,-0.98
7-16-54-55.png,306,340,0.00
7-16-54-56.png,281,340,-0.25
7-16-55-57.png,306,340,0.00
7-16-55-58.png,306,340,0.00
7-16-55-59.png,306,340,0.00
7-16-56-60.png,306,340,0.00
7-16-57-61.png,306,340,0.00
7-17-1-62.png,231,340,-0.74
7-17-1-63.png,231,340,-0.74
7-17-1-64.png,231,340,-0.74
7-17-1-65.png,231,340,-0.74
7-17-1-66.png,231,340,-0.74
7-17-2-67.png,256,340,-0.49
7-17-2-68.png,256,340,-0.49
7-17-2-69.png,256,340,-0.49
7-17-2-70.png,256,340,-0.49
7-17-2-71.png,256,340,-0.49
7-17-3-72.png,256,340,-0.49
7-17-3-73.png,256,340,-0.49
7-17-3-74.png,256,340,-0.49
7-17-3-75.png,256,340,-0.49
7-17-4-76.png,306,340,0.00
7-17-4-77.png,306,340,0.00
7-17-5-78.png,306,340,0.00
7-17-6-79.png,306,340,0.00
7-17-6-80.png,306,340,0.00
7-17-6-81.png,256,340,-0.49
7-17-7-82.png,231,340,-0.74
7-17-7-83.png,231,340,-0.74
7-17-8-84.png,231,340,-0.74
7-17-8-85.png,206,340,-0.98
7-17-9-86.png,206,340,-0.98
7-17-9-87.png,206,340,-0.98
7-17-10-88.png,256,340,-0.49
7-17-10-89.png,256,340,-0.49
7-17-11-90.png,256,340,-0.49
7-17-11-91.png,256,340,-0.49
7-17-11-92.png,256,340,-0.49
7-17-12-93.png,306,340,0.00
7-17-12-94.png,306,340,0.00
7-17-13-95.png,306,340,0.00
7-17-13-96.png,306,340,0.00
7-17-14-97.png,256,340,-0.49
7-17-20-98.png,306,340,0.00
7-17-20-99.png,306,340,0.00
7-17-21-100.png,281,340,-0.25
7-17-21-0.png,306,340,0.00
7-17-22-1.png,306,340,0.00
7-17-22-2.png,306,340,0.00
7-17-23-3.png,256,340,-0.49
7-17-24-4.png,206,340,-0.98
7-17-24-5.png,206,340,-0.98
7-17-25-6.png,204,340,-1.00
7-17-25-7.png,204,340,-1.00
7-17-26-8.png,204,340,-1.00
7-17-26-9.png,229,340,-0.75
7-17-27-10.png,254,340,-0.51
7-17-27-11.png,254,340,-0.51
7-17-28-12.png,254,340,-0.51
7-17-28-13.png,254,340,-0.51
7-17-29-14.png,306,340,0.00
7-17-30-15.png,306,340,0.00
7-17-30-16.png,306,340,0.00
7-17-31-17.png,306,340,0.00
7-17-31-18.png,256,340,-0.49
7-17-32-19.png,231,340,-0.74
7-17-37-20.png,281,340,-0.25
7-17-37-21.png,281,340,-0.25
7-17-38-22.png,256,340,-0.49
7-17-38-23.png,256,340,-0.49
7-17-38-24.png,306,340,0.00
7-17-38-25.png,306,340,0.00
7-17-40-26.png,256,340,-0.49
7-17-40-27.png,231,340,-0.74
7-17-41-28.png,231,340,-0.74
7-17-41-29.png,231,340,-0.74
7-17-41-30.png,231,340,-0.74
7-17-41-31.png,231,340,-0.74
7-17-41-32.png,231,340,-0.74
7-17-42-33.png,231,340,-0.74
7-17-42-34.png,231,340,-0.74
7-17-42-35.png,231,340,-0.74
7-17-42-36.png,231,340,-0.74
7-17-42-37.png,231,340,-0.74
7-17-43-38.png,231,340,-0.74
7-17-43-39.png,231,340,-0.74
7-17-43-40.png,231,340,-0.74
7-17-44-41.png,231,340,-0.74
7-17-44-42.png,231,340,-0.74
7-17-45-43.png,231,340,-0.74
7-17-45-44.png,306,340,0.00
7-17-46-45.png,306,340,0.00
7-17-46-46.png,306,340,0.00
7-17-46-47.png,306,340,0.00
7-17-47-48.png,306,340,0.00
7-17-52-49.png,256,340,-0.49
7-17-52-50.png,256,340,-0.49
7-17-52-51.png,256,340,-0.49
7-17-53-52.png,256,340,-0.49
7-17-53-53.png,256,340,-0.49
7-17-53-54.png,256,340,-0.49
7-17-53-55.png,256,340,-0.49
7-17-53-56.png,256,340,-0.49
7-17-54-57.png,256,340,-0.49
7-17-54-58.png,306,340,0.00
7-17-54-59.png,306,340,0.00
7-17-54-60.png,306,340,0.00
7-17-54-61.png,306,340,0.00
7-17-58-62.png,306,340,0.00
7-17-58-63.png,306,340,0.00
7-17-59-64.png,306,340,0.00
7-17-59-65.png,306,340,0.00
7-18-3-78.png,306,340,0.00
7-18-4-79.png,306,340,0.00
7-18-4-80.png,306,340,0.00
7-18-5-81.png,306,340,0.00
7-18-6-82.png,306,340,0.00

